Framework,Mean Time,Std Time,Mean Memory,Std Memory
JAX VMAP,0.0006981308700596856,0.0021954753150940846,131.0,1303.433542609672
JAX JIT,5.968614988887566e-05,9.309428525746124e-06,0.0,0.0
