Framework,Mean Time,Std Time,Mean Memory,Std Memory
Torch,0.0014930667699081823,0.00029409708838831067,25.6,254.71678389929482
Torch VMAP,0.006313084189896472,0.04259106830524479,802.56,7985.371175242892
