Framework,Mean Time,Std Time,Mean Memory,Std Memory
PyTorch,0.00037165824995099683,5.0855813060430926e-05,20.48,179.857081039363
